store,vendor,accrual,start,comments
28,AutomationProgram,500,04/27/2021,
,2021 Ace Group Brand,55.666,02-01-2021,
13091,2021 Ace Group Brand,44.111,03-01-2021,
13164,2021 Ace Group Brand,,04-01-2021,
10769,2021 Ace Group Brand,3.888,05-01-2021,
17004,2021 Ace Group Brand,4,06-01-2021,
10763,2021 Ace Group Brand,5,07-01-2021,"aasasassasasa:fgsfg,/6767>sjshj?vxxhsvx"""""
10809,,300,08-01-2021,
17010,2021 Ace Group Brand,na,,
10006,2021 Ace Group Brand,6,10-01-2021,
13091,2021 Ace Group Brand,7,27-04-2021,
30530,2021 Ace Brand,8,12-01-2021,testcomment
53355,AutoPay Claim Test Prog,1,05-03-2022,
400700,Test Program,100,06-01-2021,Bulk
